pc,eigenvalue,explained
0,9.231007,0.1525718
1,8.098261,0.13384956
2,7.386137,0.122079454
3,7.360183,0.12165047
4,7.0153446,0.11595093
5,5.3458624,0.08835741
6,5.2284303,0.086416475
7,5.007243,0.08276065
8,4.8002977,0.07934022
9,1.0299351,0.01702296
10,2.0861626e-07,3.4480485e-09
