{
  "openness+": 2.578841828986447,
  "openness-": 2.8866205303597203,
  "conscientiousness+": 2.686623636304287,
  "conscientiousness-": 2.5272208196622614,
  "extraversion+": 2.575327829722291,
  "extraversion-": 2.841411884232854,
  "agreeableness+": 2.6819893767955487,
  "agreeableness-": 2.5967946492463065,
  "neuroticism+": 2.5482080038648625,
  "neuroticism-": 2.6801153522092975,
  "base": 0.0
}