{
  "base_pc_idx": 10,
  "names": [
    "openness+",
    "openness-",
    "conscientiousness+",
    "conscientiousness-",
    "extraversion+",
    "extraversion-",
    "agreeableness+",
    "agreeableness-",
    "neuroticism+",
    "neuroticism-",
    "base"
  ],
  "base_coords": [
    -0.053777508437633514,
    0.0648670494556427,
    -0.013021823950111866,
    -0.028199197724461555,
    -0.007599876262247562,
    -0.030416693538427353,
    -0.0025268220342695713,
    -0.04498159512877464,
    -0.004565649665892124,
    0.9668008089065552,
    0.0001377138978568837
  ],
  "other_std": [
    1.0125778913497925,
    0.948310375213623,
    0.9059035181999207,
    0.9042682647705078,
    0.8828791379928589,
    0.7706307172775269,
    0.7621915340423584,
    0.745729923248291,
    0.7303177118301392,
    0.01399009209126234,
    6.143290737226081e-11
  ],
  "separation": [
    0.05310950428247452,
    0.06840275973081589,
    0.014374405145645142,
    0.031184548512101173,
    0.008608059957623482,
    0.03946986794471741,
    0.003315206151455641,
    0.06031888350844383,
    0.0062515935860574245,
    69.10610961914062,
    2241696.0
  ],
  "mean_pc_diff": 1.0697760581970215
}